{"stats":{"minecraft:crafted":{"minecraft:crafting_table":1,"minecraft:wooden_pickaxe":1,"minecraft:jungle_planks":24,"tombstone:grave_key":1,"minecraft:stick":7,"minecraft:wooden_axe":1,"minecraft:torch":16},"minecraft:dropped":{"minecraft:wheat_seeds":3,"minecraft:rotten_flesh":1,"minecraft:diamond_sword":1,"minecraft:shield":1,"minecraft:oak_sapling":2},"minecraft:killed_by":{"minecraft:zombie_villager":1,"minecraft:silverfish":4,"minecraft:skeleton":2,"minecraft:zombie":1,"iceandfire:amphithere":1},"minecraft:killed":{"minecraft:pig":1,"minecraft:witch":1,"iceandfire:amphithere":1,"minecraft:spider":1,"minecraft:creeper":3,"minecraft:sheep":1,"minecraft:zombie":3,"minecraft:chicken":1,"minecraft:silverfish":11,"minecraft:cow":3},"minecraft:custom":{"minecraft:interact_with_furnace":2,"minecraft:mob_kills":27,"minecraft:interact_with_crafting_table":4,"minecraft:open_barrel":3,"minecraft:bell_ring":18,"minecraft:leave_game":16,"minecraft:time_since_death":3765,"minecraft:sleep_in_bed":3,"minecraft:climb_one_cm":29585,"minecraft:time_since_rest":827,"minecraft:sprint_one_cm":214923,"minecraft:damage_taken":3768,"minecraft:walk_one_cm":399779,"minecraft:damage_blocked_by_shield":730,"minecraft:drop":6,"minecraft:damage_dealt":6191,"minecraft:swim_one_cm":736,"minecraft:talked_to_villager":4,"minecraft:fly_one_cm":248815,"minecraft:open_chest":19,"minecraft:crouch_one_cm":6326,"minecraft:play_time":161886,"tombstone:undead_killed":3,"minecraft:deaths":11,"minecraft:sneak_time":1195,"minecraft:walk_under_water_one_cm":10368,"minecraft:jump":918,"minecraft:walk_on_water_one_cm":8173,"minecraft:total_world_time":161886,"minecraft:fall_one_cm":18582},"minecraft:used":{"minecraft:mossy_stone_bricks":17,"minecraft:moss_carpet":2,"minecraft:witch_spawn_egg":4,"minecraft:jungle_fence":1,"minecraft:zombie_villager_spawn_egg":2,"minecraft:wooden_pickaxe":3,"minecraft:shield":156,"minecraft:iron_sword":140,"minecraft:rotten_flesh":2,"minecraft:torch":17,"minecraft:dirt":3,"minecraft:skeleton_spawn_egg":4,"minecraft:crafting_table":4,"minecraft:red_bed":1,"minecraft:carrot":6,"minecraft:wooden_axe":2,"minecraft:melon_slice":30,"minecraft:iron_pickaxe":177,"minecraft:stone_bricks":1,"minecraft:diamond_sword":55,"minecraft:cobblestone":3,"iceandfire:spawn_egg_lightning_dragon":1,"minecraft:porkchop":1,"iceandfire:spawn_egg_hippogryph":4},"minecraft:mined":{"minecraft:white_bed":1,"iceandfire:silver_ore":2,"minecraft:infested_stone_bricks":2,"minecraft:jungle_leaves":6,"minecraft:grass_block":10,"minecraft:melon":6,"minecraft:jungle_log":6,"minecraft:stone_slab":3,"minecraft:tall_grass":4,"minecraft:wall_torch":1,"minecraft:chiseled_stone_bricks":2,"minecraft:andesite":2,"minecraft:birch_leaves":1,"minecraft:jungle_fence":1,"minecraft:moss_carpet":2,"minecraft:infested_mossy_stone_bricks":10,"minecraft:grass":27,"minecraft:coal_ore":21,"minecraft:vine":9,"minecraft:dirt":2,"minecraft:infested_cracked_stone_bricks":5,"minecraft:stripped_jungle_log":1,"minecraft:cracked_stone_bricks":10,"minecraft:bamboo":2,"minecraft:stone":63,"minecraft:stone_bricks":31,"iceandfire:podium_spruce":1,"minecraft:mossy_stone_bricks":25,"minecraft:fern":3,"minecraft:oak_leaves":40},"minecraft:broken":{"minecraft:leather_boots":1,"minecraft:leather_chestplate":1},"minecraft:picked_up":{"minecraft:feather":1,"minecraft:chicken":1,"minecraft:andesite":2,"minecraft:jungle_log":6,"minecraft:leather":4,"minecraft:stone_slab":6,"minecraft:diamond_sword":1,"minecraft:jungle_fence":1,"minecraft:shield":2,"minecraft:gunpowder":5,"minecraft:string":1,"minecraft:dirt":12,"minecraft:moss_carpet":10,"minecraft:bone":5,"minecraft:stone_bricks":29,"minecraft:cracked_stone_bricks":10,"iceandfire:bestiary":1,"minecraft:wheat_seeds":5,"minecraft:beef":9,"minecraft:mossy_stone_bricks":24,"minecraft:bamboo":7,"minecraft:melon_slice":33,"minecraft:iron_sword":1,"minecraft:egg":1,"iceandfire:amphithere_feather":7,"minecraft:stick":2,"iceandfire:podium_spruce":1,"minecraft:torch":1,"minecraft:porkchop":2,"minecraft:white_bed":1,"minecraft:redstone":1,"minecraft:spider_eye":1,"minecraft:stripped_jungle_log":1,"minecraft:rotten_flesh":5,"minecraft:arrow":3,"minecraft:oak_sapling":2,"minecraft:mutton":2,"minecraft:coal":21,"iceandfire:raw_silver":2,"minecraft:white_wool":1,"minecraft:cobblestone":62}},"DataVersion":3465}