{"stats":{"minecraft:crafted":{"tombstone:grave_key":1},"minecraft:dropped":{"minecraft:diamond_sword":1},"minecraft:killed_by":{"minecraft:zombie_villager":1,"minecraft:skeleton":1,"minecraft:zombie":1},"minecraft:killed":{"minecraft:pig":1,"minecraft:witch":1,"minecraft:chicken":1,"minecraft:spider":1,"minecraft:creeper":3},"minecraft:custom":{"minecraft:time_since_rest":24449,"minecraft:interact_with_furnace":1,"minecraft:sprint_one_cm":111057,"minecraft:damage_taken":920,"minecraft:walk_one_cm":163453,"minecraft:damage_blocked_by_shield":200,"minecraft:mob_kills":8,"minecraft:drop":1,"minecraft:damage_dealt":2862,"minecraft:swim_one_cm":736,"minecraft:interact_with_crafting_table":1,"minecraft:fly_one_cm":220263,"minecraft:open_barrel":3,"minecraft:open_chest":15,"minecraft:crouch_one_cm":3473,"minecraft:play_time":71886,"minecraft:deaths":3,"minecraft:sneak_time":663,"minecraft:walk_under_water_one_cm":2216,"minecraft:jump":280,"minecraft:leave_game":16,"minecraft:walk_on_water_one_cm":1360,"minecraft:time_since_death":25148,"minecraft:climb_one_cm":5805,"minecraft:total_world_time":71886,"minecraft:fall_one_cm":4410},"minecraft:used":{"minecraft:moss_carpet":2,"minecraft:witch_spawn_egg":4,"minecraft:melon_slice":2,"minecraft:zombie_villager_spawn_egg":2,"minecraft:shield":1,"minecraft:rotten_flesh":2,"minecraft:diamond_sword":55,"minecraft:skeleton_spawn_egg":4,"iceandfire:spawn_egg_lightning_dragon":1,"minecraft:crafting_table":3,"minecraft:red_bed":1,"minecraft:porkchop":1,"iceandfire:spawn_egg_hippogryph":4},"minecraft:mined":{"minecraft:jungle_leaves":6,"minecraft:birch_leaves":1,"minecraft:moss_carpet":2,"minecraft:grass_block":1,"minecraft:vine":2,"minecraft:melon":1},"minecraft:picked_up":{"minecraft:stick":1,"minecraft:feather":1,"minecraft:chicken":1,"minecraft:diamond_sword":1,"minecraft:porkchop":2,"minecraft:shield":1,"minecraft:gunpowder":5,"minecraft:redstone":1,"minecraft:dirt":1,"minecraft:spider_eye":1,"minecraft:string":1,"minecraft:moss_carpet":2,"minecraft:arrow":3,"minecraft:bone":3,"minecraft:rotten_flesh":4,"minecraft:wheat_seeds":3,"minecraft:melon_slice":7,"minecraft:iron_sword":1}},"DataVersion":3465}