{"stats":{"minecraft:dropped":{"minecraft:wheat_seeds":4,"minecraft:cobblestone":1,"minecraft:dirt":36,"minecraft:smooth_sandstone":94,"minecraft:gravel":4,"minecraft:wheat":16,"minecraft:smooth_sandstone_stairs":40,"minecraft:rotten_flesh":1,"minecraft:diamond_sword":1,"minecraft:shield":1,"minecraft:oak_sapling":2,"minecraft:stone_brick_stairs":1},"minecraft:crafted":{"minecraft:oak_door":3,"minecraft:oak_planks":80,"minecraft:iron_nugget":36,"minecraft:furnace":1,"minecraft:lantern":4,"tombstone:grave_key":1,"minecraft:stone_pickaxe":2,"minecraft:chest":3,"minecraft:oak_slab":18,"minecraft:crafting_table":3,"farmersdelight:iron_knife":1,"minecraft:wooden_pickaxe":1,"minecraft:bucket":1,"minecraft:jungle_planks":32,"minecraft:wooden_hoe":2,"minecraft:stick":43,"minecraft:iron_ingot":9,"minecraft:wooden_axe":2,"minecraft:white_bed":1,"minecraft:composter":2,"minecraft:torch":60},"minecraft:killed_by":{"minecraft:zombie_villager":1,"iceandfire:amphithere":1,"minecraft:silverfish":4,"minecraft:skeleton":3,"minecraft:zombie":1},"minecraft:killed":{"minecraft:witch":1,"minecraft:spider":2,"minecraft:chicken":1,"minecraft:silverfish":11,"minecraft:pig":1,"iceandfire:amphithere":1,"minecraft:creeper":3,"minecraft:sheep":3,"minecraft:pillager":1,"minecraft:zombie":3,"minecraft:cow":3},"minecraft:custom":{"minecraft:mob_kills":36,"minecraft:interact_with_crafting_table":29,"minecraft:open_barrel":3,"minecraft:bell_ring":18,"minecraft:leave_game":17,"minecraft:time_since_death":129956,"minecraft:climb_one_cm":53691,"minecraft:sprint_one_cm":552342,"minecraft:walk_one_cm":750407,"minecraft:damage_blocked_by_shield":850,"minecraft:drop":17,"minecraft:play_noteblock":11,"minecraft:talked_to_villager":4,"minecraft:play_time":295024,"minecraft:deaths":12,"minecraft:sneak_time":1367,"minecraft:walk_under_water_one_cm":10947,"minecraft:jump":2317,"minecraft:walk_on_water_one_cm":11698,"minecraft:total_world_time":295024,"minecraft:interact_with_furnace":6,"tombstone:raider_killed":1,"minecraft:tune_noteblock":6,"minecraft:sleep_in_bed":13,"minecraft:time_since_rest":10412,"minecraft:damage_taken":4526,"minecraft:damage_dealt":6783,"minecraft:swim_one_cm":736,"minecraft:fly_one_cm":427413,"minecraft:open_chest":42,"minecraft:crouch_one_cm":7445,"tombstone:undead_killed":3,"minecraft:fall_one_cm":51618,"minecraft:horse_one_cm":9},"minecraft:used":{"minecraft:moss_carpet":2,"minecraft:zombie_villager_spawn_egg":2,"minecraft:chest":3,"minecraft:shield":159,"minecraft:iron_sword":151,"minecraft:rotten_flesh":3,"minecraft:oak_door":2,"minecraft:torch":36,"minecraft:dirt":103,"minecraft:mutton":5,"minecraft:skeleton_spawn_egg":4,"minecraft:jungle_planks":6,"minecraft:carrot":32,"minecraft:wooden_axe":103,"minecraft:lantern":5,"minecraft:birch_sapling":2,"minecraft:stone_bricks":23,"minecraft:beef":1,"iceandfire:spawn_egg_lightning_dragon":1,"minecraft:furnace":1,"minecraft:beetroot_seeds":1,"minecraft:egg":2,"minecraft:potato":50,"minecraft:wheat_seeds":27,"farmersdelight:iron_knife":27,"minecraft:water_bucket":30,"minecraft:mossy_stone_bricks":17,"minecraft:witch_spawn_egg":4,"minecraft:stone_pickaxe":262,"minecraft:jungle_fence":1,"minecraft:wooden_pickaxe":59,"minecraft:composter":2,"minecraft:cookie":10,"minecraft:white_wool":7,"minecraft:crafting_table":8,"minecraft:red_bed":1,"minecraft:white_bed":3,"minecraft:note_block":7,"minecraft:wooden_hoe":128,"minecraft:chicken":1,"minecraft:melon_slice":75,"minecraft:iron_pickaxe":235,"minecraft:diamond_sword":55,"minecraft:cobblestone":210,"minecraft:porkchop":1,"iceandfire:spawn_egg_hippogryph":4,"minecraft:bucket":30,"minecraft:gray_wool":1},"minecraft:mined":{"minecraft:white_bed":2,"iceandfire:silver_ore":2,"minecraft:jungle_leaves":7,"minecraft:grass_block":120,"minecraft:jungle_planks":4,"minecraft:jungle_log":6,"minecraft:oxeye_daisy":1,"minecraft:chiseled_stone_bricks":2,"minecraft:carrots":8,"minecraft:iron_ore":16,"minecraft:andesite":2,"minecraft:pumpkin":2,"minecraft:moss_carpet":2,"minecraft:potatoes":2,"minecraft:vine":10,"minecraft:dirt_path":4,"minecraft:stripped_oak_log":2,"minecraft:stripped_jungle_log":1,"minecraft:smooth_sandstone_stairs":42,"minecraft:bamboo":2,"minecraft:stone":226,"iceandfire:podium_spruce":1,"minecraft:white_wool":7,"minecraft:infested_stone_bricks":2,"minecraft:dandelion":7,"minecraft:crafting_table":2,"minecraft:smooth_sandstone":97,"minecraft:note_block":7,"minecraft:poppy":1,"minecraft:melon":14,"minecraft:mushroom_stem":3,"minecraft:stone_slab":3,"minecraft:tall_grass":4,"minecraft:cobblestone":4,"minecraft:wall_torch":5,"minecraft:birch_sapling":1,"minecraft:spruce_stairs":1,"minecraft:gray_wool":1,"minecraft:birch_log":6,"minecraft:wheat":10,"minecraft:birch_leaves":2,"minecraft:jungle_fence":1,"minecraft:stone_brick_stairs":1,"minecraft:grass":59,"minecraft:infested_mossy_stone_bricks":10,"minecraft:oak_log":50,"minecraft:coal_ore":30,"minecraft:beetroots":1,"minecraft:gravel":4,"minecraft:dirt":63,"minecraft:infested_cracked_stone_bricks":5,"minecraft:cobweb":1,"minecraft:cracked_stone_bricks":10,"minecraft:red_mushroom_block":14,"minecraft:stone_bricks":34,"minecraft:mossy_stone_bricks":25,"minecraft:oak_leaves":52,"minecraft:fern":4},"minecraft:broken":{"minecraft:leather_chestplate":1,"minecraft:wooden_pickaxe":1,"minecraft:stone_pickaxe":2,"minecraft:leather_boots":1,"minecraft:wooden_axe":1,"minecraft:wooden_hoe":2},"minecraft:picked_up":{"minecraft:iron_chestplate":1,"minecraft:crafting_table":2,"minecraft:wheat":16,"minecraft:chicken":2,"minecraft:stone_slab":6,"minecraft:diamond_sword":1,"minecraft:stone_brick_stairs":1,"minecraft:shield":3,"minecraft:cornflower":1,"minecraft:string":3,"minecraft:moss_carpet":10,"iceandfire:bestiary":1,"minecraft:cracked_stone_bricks":10,"minecraft:beef":12,"minecraft:poppy":1,"minecraft:melon_slice":75,"minecraft:birch_sapling":2,"minecraft:egg":4,"iceandfire:pixie_dust":1,"minecraft:stick":4,"minecraft:raw_iron":16,"minecraft:torch":5,"minecraft:note_block":7,"minecraft:porkchop":2,"minecraft:carrot":26,"minecraft:redstone":1,"minecraft:rotten_flesh":6,"minecraft:arrow":5,"minecraft:beetroot_seeds":1,"minecraft:mutton":11,"minecraft:white_wool":12,"minecraft:cobblestone":226,"minecraft:oxeye_daisy":2,"minecraft:stripped_oak_log":2,"minecraft:birch_log":6,"minecraft:feather":1,"minecraft:andesite":2,"minecraft:jungle_log":8,"minecraft:leather":5,"minecraft:jungle_fence":1,"minecraft:red_mushroom":1,"minecraft:potato":6,"minecraft:smooth_sandstone_stairs":40,"minecraft:oak_log":50,"minecraft:gunpowder":5,"minecraft:dirt":158,"minecraft:lantern":1,"minecraft:smooth_sandstone":94,"minecraft:bone":5,"minecraft:stone_bricks":32,"minecraft:wheat_seeds":35,"minecraft:mossy_stone_bricks":24,"minecraft:bamboo":7,"minecraft:iron_sword":2,"iceandfire:amphithere_feather":7,"minecraft:pumpkin":2,"iceandfire:podium_spruce":1,"minecraft:dandelion":10,"minecraft:gravel":4,"minecraft:jungle_planks":4,"minecraft:white_bed":2,"minecraft:spider_eye":1,"minecraft:stripped_jungle_log":1,"minecraft:gray_wool":3,"minecraft:oak_sapling":6,"minecraft:black_wool":1,"minecraft:coal":30,"iceandfire:raw_silver":2}},"DataVersion":3465}