{"stats":{"minecraft:dropped":{"minecraft:wheat_seeds":3,"minecraft:rotten_flesh":1,"minecraft:diamond_sword":1,"minecraft:shield":1,"minecraft:oak_sapling":2},"minecraft:crafted":{"minecraft:oak_door":3,"minecraft:oak_planks":28,"tombstone:grave_key":1,"minecraft:stone_pickaxe":1,"minecraft:chest":1,"minecraft:crafting_table":3,"farmersdelight:iron_knife":1,"minecraft:wooden_pickaxe":1,"minecraft:bucket":1,"minecraft:jungle_planks":32,"minecraft:wooden_hoe":1,"minecraft:stick":15,"minecraft:wooden_axe":1,"minecraft:white_bed":1,"minecraft:torch":20},"minecraft:killed_by":{"minecraft:zombie_villager":1,"iceandfire:amphithere":1,"minecraft:silverfish":4,"minecraft:skeleton":3,"minecraft:zombie":1},"minecraft:killed":{"minecraft:witch":1,"minecraft:spider":2,"minecraft:chicken":1,"minecraft:silverfish":11,"minecraft:pig":1,"iceandfire:amphithere":1,"minecraft:creeper":3,"minecraft:sheep":3,"minecraft:zombie":3,"minecraft:cow":3},"minecraft:custom":{"minecraft:mob_kills":33,"minecraft:interact_with_crafting_table":12,"minecraft:open_barrel":3,"minecraft:bell_ring":18,"minecraft:leave_game":16,"minecraft:time_since_death":42134,"minecraft:climb_one_cm":35133,"minecraft:sprint_one_cm":393628,"minecraft:walk_one_cm":519852,"minecraft:damage_blocked_by_shield":810,"minecraft:drop":6,"minecraft:talked_to_villager":4,"minecraft:play_time":207202,"minecraft:deaths":12,"minecraft:sneak_time":1278,"minecraft:walk_under_water_one_cm":10609,"minecraft:jump":1479,"minecraft:walk_on_water_one_cm":9595,"minecraft:total_world_time":207202,"minecraft:interact_with_furnace":2,"minecraft:sleep_in_bed":7,"minecraft:time_since_rest":10088,"minecraft:damage_taken":4108,"minecraft:damage_dealt":6543,"minecraft:swim_one_cm":736,"minecraft:fly_one_cm":314660,"minecraft:open_chest":34,"minecraft:crouch_one_cm":6847,"tombstone:undead_killed":3,"minecraft:fall_one_cm":27959,"minecraft:horse_one_cm":9},"minecraft:used":{"minecraft:moss_carpet":2,"minecraft:zombie_villager_spawn_egg":2,"minecraft:chest":1,"minecraft:shield":158,"minecraft:iron_sword":150,"minecraft:rotten_flesh":2,"minecraft:oak_door":1,"minecraft:torch":21,"minecraft:dirt":44,"minecraft:mutton":5,"minecraft:skeleton_spawn_egg":4,"minecraft:jungle_planks":6,"minecraft:carrot":6,"minecraft:wooden_axe":36,"minecraft:stone_bricks":1,"iceandfire:spawn_egg_lightning_dragon":1,"minecraft:potato":1,"minecraft:water_bucket":2,"farmersdelight:iron_knife":11,"minecraft:mossy_stone_bricks":17,"minecraft:witch_spawn_egg":4,"minecraft:stone_pickaxe":28,"minecraft:jungle_fence":1,"minecraft:wooden_pickaxe":15,"minecraft:cookie":5,"minecraft:white_wool":5,"minecraft:crafting_table":7,"minecraft:red_bed":1,"minecraft:white_bed":3,"minecraft:wooden_hoe":41,"minecraft:melon_slice":44,"minecraft:chicken":1,"minecraft:iron_pickaxe":182,"minecraft:diamond_sword":55,"minecraft:cobblestone":62,"minecraft:porkchop":1,"iceandfire:spawn_egg_hippogryph":4,"minecraft:bucket":3,"minecraft:gray_wool":1},"minecraft:mined":{"minecraft:white_bed":2,"iceandfire:silver_ore":2,"minecraft:jungle_leaves":7,"minecraft:grass_block":49,"minecraft:jungle_planks":2,"minecraft:jungle_log":6,"minecraft:chiseled_stone_bricks":2,"minecraft:iron_ore":9,"minecraft:andesite":2,"minecraft:moss_carpet":2,"minecraft:pumpkin":2,"minecraft:vine":10,"minecraft:stripped_jungle_log":1,"minecraft:bamboo":2,"minecraft:stone":89,"iceandfire:podium_spruce":1,"minecraft:white_wool":5,"minecraft:infested_stone_bricks":2,"minecraft:crafting_table":2,"minecraft:melon":14,"minecraft:mushroom_stem":3,"minecraft:stone_slab":3,"minecraft:tall_grass":4,"minecraft:cobblestone":1,"minecraft:wall_torch":1,"minecraft:gray_wool":1,"minecraft:birch_log":4,"minecraft:birch_leaves":1,"minecraft:jungle_fence":1,"minecraft:grass":38,"minecraft:infested_mossy_stone_bricks":10,"minecraft:coal_ore":26,"minecraft:oak_log":7,"minecraft:dirt":7,"minecraft:infested_cracked_stone_bricks":5,"minecraft:cracked_stone_bricks":10,"minecraft:red_mushroom_block":14,"minecraft:stone_bricks":31,"minecraft:mossy_stone_bricks":25,"minecraft:oak_leaves":44,"minecraft:fern":4},"minecraft:broken":{"minecraft:leather_chestplate":1,"minecraft:leather_boots":1},"minecraft:picked_up":{"minecraft:crafting_table":2,"minecraft:chicken":2,"minecraft:stone_slab":6,"minecraft:diamond_sword":1,"minecraft:shield":2,"minecraft:string":2,"minecraft:moss_carpet":10,"iceandfire:bestiary":1,"minecraft:cracked_stone_bricks":10,"minecraft:beef":9,"minecraft:melon_slice":75,"minecraft:egg":3,"iceandfire:pixie_dust":1,"minecraft:stick":2,"minecraft:raw_iron":9,"minecraft:torch":1,"minecraft:porkchop":2,"minecraft:redstone":1,"minecraft:arrow":3,"minecraft:rotten_flesh":5,"minecraft:mutton":11,"minecraft:white_wool":10,"minecraft:cobblestone":89,"minecraft:birch_log":4,"minecraft:feather":1,"minecraft:jungle_log":8,"minecraft:andesite":2,"minecraft:leather":4,"minecraft:jungle_fence":1,"minecraft:red_mushroom":1,"minecraft:oak_log":7,"minecraft:gunpowder":5,"minecraft:dirt":56,"minecraft:bone":5,"minecraft:stone_bricks":29,"minecraft:wheat_seeds":8,"minecraft:mossy_stone_bricks":24,"minecraft:bamboo":7,"minecraft:iron_sword":1,"iceandfire:amphithere_feather":7,"minecraft:pumpkin":2,"iceandfire:podium_spruce":1,"minecraft:jungle_planks":2,"minecraft:white_bed":2,"minecraft:spider_eye":1,"minecraft:stripped_jungle_log":1,"minecraft:gray_wool":3,"minecraft:oak_sapling":6,"minecraft:black_wool":1,"minecraft:coal":26,"iceandfire:raw_silver":2}},"DataVersion":3465}