{"stats":{"minecraft:mined":{"minecraft:birch_leaves":1},"minecraft:used":{"minecraft:rotten_flesh":2,"minecraft:diamond_sword":55,"minecraft:skeleton_spawn_egg":4,"iceandfire:spawn_egg_lightning_dragon":1,"minecraft:witch_spawn_egg":4,"iceandfire:spawn_egg_hippogryph":4},"minecraft:killed":{"minecraft:spider":1,"minecraft:pig":1,"minecraft:witch":1,"minecraft:chicken":1,"minecraft:creeper":3},"minecraft:picked_up":{"minecraft:stick":1,"minecraft:feather":1,"minecraft:chicken":1,"minecraft:rotten_flesh":2,"minecraft:diamond_sword":1,"minecraft:porkchop":2,"minecraft:gunpowder":5,"minecraft:redstone":1,"minecraft:spider_eye":1,"minecraft:string":1},"minecraft:custom":{"minecraft:time_since_rest":36213,"minecraft:crouch_one_cm":2638,"minecraft:sprint_one_cm":74046,"minecraft:play_time":36213,"minecraft:damage_taken":210,"minecraft:walk_one_cm":63899,"minecraft:sneak_time":540,"minecraft:mob_kills":8,"minecraft:drop":1,"minecraft:jump":144,"minecraft:damage_dealt":2853,"minecraft:leave_game":13,"minecraft:time_since_death":36213,"minecraft:total_world_time":36213,"minecraft:fall_one_cm":3633,"minecraft:fly_one_cm":193501},"minecraft:dropped":{"minecraft:diamond_sword":1}},"DataVersion":3465}