{"stats":{"minecraft:crafted":{"minecraft:crafting_table":1,"minecraft:wooden_pickaxe":1,"minecraft:jungle_planks":24,"tombstone:grave_key":1,"minecraft:stick":2},"minecraft:dropped":{"minecraft:wheat_seeds":3,"minecraft:rotten_flesh":1,"minecraft:diamond_sword":1,"minecraft:shield":1,"minecraft:oak_sapling":2},"minecraft:killed_by":{"minecraft:zombie_villager":1,"minecraft:skeleton":1,"minecraft:zombie":1,"iceandfire:amphithere":1},"minecraft:killed":{"minecraft:pig":1,"minecraft:witch":1,"iceandfire:amphithere":1,"minecraft:spider":1,"minecraft:creeper":3,"minecraft:zombie":2,"minecraft:chicken":1},"minecraft:custom":{"minecraft:interact_with_furnace":2,"minecraft:mob_kills":11,"minecraft:interact_with_crafting_table":4,"minecraft:open_barrel":3,"minecraft:bell_ring":18,"minecraft:leave_game":16,"minecraft:time_since_death":14519,"minecraft:sleep_in_bed":2,"minecraft:climb_one_cm":23117,"minecraft:time_since_rest":7803,"minecraft:sprint_one_cm":158894,"minecraft:damage_taken":2024,"minecraft:walk_one_cm":288611,"minecraft:damage_blocked_by_shield":500,"minecraft:drop":6,"minecraft:damage_dealt":3712,"minecraft:swim_one_cm":736,"minecraft:talked_to_villager":4,"minecraft:fly_one_cm":228575,"minecraft:open_chest":18,"minecraft:crouch_one_cm":5420,"minecraft:play_time":131886,"tombstone:undead_killed":2,"minecraft:deaths":6,"minecraft:sneak_time":1070,"minecraft:walk_under_water_one_cm":10368,"minecraft:jump":516,"minecraft:walk_on_water_one_cm":6606,"minecraft:total_world_time":131886,"minecraft:fall_one_cm":12135},"minecraft:used":{"minecraft:moss_carpet":2,"minecraft:witch_spawn_egg":4,"minecraft:zombie_villager_spawn_egg":2,"minecraft:shield":39,"minecraft:iron_sword":23,"minecraft:rotten_flesh":2,"minecraft:skeleton_spawn_egg":4,"minecraft:crafting_table":4,"minecraft:red_bed":1,"minecraft:carrot":6,"minecraft:melon_slice":7,"minecraft:iron_pickaxe":2,"minecraft:diamond_sword":55,"iceandfire:spawn_egg_lightning_dragon":1,"minecraft:porkchop":1,"iceandfire:spawn_egg_hippogryph":4},"minecraft:mined":{"minecraft:jungle_leaves":6,"minecraft:grass_block":8,"minecraft:melon":6,"minecraft:jungle_log":6,"minecraft:birch_leaves":1,"minecraft:jungle_fence":1,"minecraft:moss_carpet":2,"minecraft:grass":3,"minecraft:vine":9,"minecraft:stripped_jungle_log":1,"minecraft:bamboo":2,"iceandfire:podium_spruce":1,"minecraft:oak_leaves":39},"minecraft:picked_up":{"minecraft:feather":1,"minecraft:chicken":1,"minecraft:jungle_log":6,"minecraft:diamond_sword":1,"minecraft:jungle_fence":1,"minecraft:shield":2,"minecraft:gunpowder":5,"minecraft:string":1,"minecraft:dirt":8,"minecraft:moss_carpet":2,"minecraft:bone":5,"iceandfire:bestiary":1,"minecraft:wheat_seeds":3,"minecraft:bamboo":7,"minecraft:melon_slice":33,"minecraft:iron_sword":1,"iceandfire:amphithere_feather":7,"minecraft:stick":2,"iceandfire:podium_spruce":1,"minecraft:porkchop":2,"minecraft:redstone":1,"minecraft:spider_eye":1,"minecraft:stripped_jungle_log":1,"minecraft:rotten_flesh":5,"minecraft:arrow":3,"minecraft:oak_sapling":2}},"DataVersion":3465}