{"stats":{"minecraft:crafted":{"tombstone:grave_key":1},"minecraft:dropped":{"minecraft:diamond_sword":1},"minecraft:killed_by":{"minecraft:zombie_villager":1,"iceandfire:amphithere":1,"minecraft:skeleton":1,"minecraft:zombie":1},"minecraft:killed":{"minecraft:zombie":2,"minecraft:pig":1,"minecraft:witch":1,"iceandfire:amphithere":1,"minecraft:chicken":1,"minecraft:spider":1,"minecraft:creeper":3},"minecraft:custom":{"minecraft:time_since_rest":1868,"minecraft:interact_with_furnace":1,"minecraft:sprint_one_cm":146627,"minecraft:damage_taken":1964,"minecraft:walk_one_cm":253287,"minecraft:damage_blocked_by_shield":500,"minecraft:mob_kills":11,"minecraft:drop":1,"minecraft:damage_dealt":3712,"minecraft:talked_to_villager":4,"minecraft:swim_one_cm":736,"minecraft:interact_with_crafting_table":1,"minecraft:fly_one_cm":228575,"minecraft:open_barrel":3,"minecraft:open_chest":16,"tombstone:undead_killed":2,"minecraft:bell_ring":18,"minecraft:crouch_one_cm":5229,"minecraft:play_time":119886,"minecraft:deaths":6,"minecraft:sneak_time":1009,"minecraft:walk_under_water_one_cm":10368,"minecraft:jump":457,"minecraft:leave_game":16,"minecraft:walk_on_water_one_cm":6290,"minecraft:time_since_death":2519,"minecraft:sleep_in_bed":1,"minecraft:climb_one_cm":17016,"minecraft:total_world_time":119886,"minecraft:fall_one_cm":10565},"minecraft:used":{"minecraft:moss_carpet":2,"minecraft:witch_spawn_egg":4,"minecraft:melon_slice":7,"minecraft:zombie_villager_spawn_egg":2,"minecraft:iron_pickaxe":1,"minecraft:shield":39,"minecraft:iron_sword":23,"minecraft:rotten_flesh":2,"minecraft:diamond_sword":55,"minecraft:skeleton_spawn_egg":4,"iceandfire:spawn_egg_lightning_dragon":1,"minecraft:crafting_table":3,"minecraft:red_bed":1,"minecraft:porkchop":1,"iceandfire:spawn_egg_hippogryph":4,"minecraft:carrot":4},"minecraft:mined":{"minecraft:jungle_fence":1,"minecraft:jungle_leaves":6,"minecraft:birch_leaves":1,"minecraft:moss_carpet":2,"minecraft:grass_block":4,"minecraft:vine":7,"minecraft:melon":1,"minecraft:jungle_log":3,"minecraft:stripped_jungle_log":1,"minecraft:oak_leaves":39},"minecraft:picked_up":{"iceandfire:amphithere_feather":7,"minecraft:stick":2,"minecraft:feather":1,"minecraft:chicken":1,"minecraft:jungle_log":3,"minecraft:jungle_fence":1,"minecraft:diamond_sword":1,"minecraft:porkchop":2,"minecraft:shield":1,"minecraft:gunpowder":5,"minecraft:redstone":1,"minecraft:dirt":4,"minecraft:spider_eye":1,"minecraft:string":1,"minecraft:stripped_jungle_log":1,"minecraft:moss_carpet":2,"minecraft:arrow":3,"minecraft:bone":5,"minecraft:rotten_flesh":5,"minecraft:wheat_seeds":3,"minecraft:oak_sapling":1,"minecraft:melon_slice":7,"minecraft:iron_sword":1}},"DataVersion":3465}