{"stats":{"minecraft:crafted":{"minecraft:oak_door":3,"minecraft:oak_planks":80,"minecraft:iron_nugget":36,"minecraft:furnace":1,"minecraft:lantern":4,"minecraft:bow":1,"tombstone:grave_key":1,"minecraft:stone_pickaxe":2,"minecraft:chest":3,"minecraft:wheat":342,"minecraft:oak_slab":18,"iceandfire:silver_ingot":3,"minecraft:crafting_table":3,"farmersdelight:iron_knife":1,"minecraft:wooden_pickaxe":1,"minecraft:iron_helmet":1,"minecraft:iron_sword":1,"minecraft:bucket":1,"minecraft:bread":114,"minecraft:jungle_planks":32,"minecraft:wooden_hoe":4,"minecraft:shield":1,"minecraft:stick":47,"minecraft:iron_ingot":16,"minecraft:wooden_axe":2,"minecraft:white_bed":1,"minecraft:composter":2,"minecraft:torch":88,"iceandfire:silver_pickaxe":1},"minecraft:dropped":{"minecraft:bread":64,"minecraft:iron_sword":1,"minecraft:oak_slab":8,"minecraft:wheat_seeds":10,"minecraft:glass_bottle":1,"minecraft:cobblestone":1,"minecraft:oxeye_daisy":2,"minecraft:dirt":39,"minecraft:cornflower":1,"minecraft:smooth_sandstone":94,"minecraft:dandelion":12,"minecraft:gravel":4,"minecraft:smooth_sandstone_stairs":40,"minecraft:wheat":29,"minecraft:rotten_flesh":1,"minecraft:carrot":7,"minecraft:diamond_sword":1,"minecraft:shield":2,"minecraft:oak_sapling":2,"minecraft:spider_eye":2,"minecraft:stone_brick_stairs":1},"minecraft:killed_by":{"minecraft:zombie_villager":1,"minecraft:player":1,"iceandfire:amphithere":1,"minecraft:vindicator":4,"iceandfire:gorgon":1,"minecraft:silverfish":4,"minecraft:skeleton":3,"minecraft:zombie":1},"minecraft:killed":{"minecraft:witch":1,"minecraft:spider":3,"minecraft:vindicator":28,"minecraft:skeleton":1,"minecraft:chicken":1,"minecraft:silverfish":11,"minecraft:pig":1,"iceandfire:amphithere":1,"minecraft:creeper":3,"minecraft:sheep":3,"minecraft:pillager":4,"minecraft:zombie":4,"iceandfire:ghost":2,"minecraft:cow":3},"minecraft:custom":{"minecraft:mob_kills":79,"minecraft:interact_with_crafting_table":37,"minecraft:open_barrel":5,"minecraft:bell_ring":35,"minecraft:leave_game":17,"minecraft:time_since_death":9269,"minecraft:climb_one_cm":66583,"minecraft:sprint_one_cm":897191,"minecraft:walk_one_cm":1011253,"minecraft:damage_blocked_by_shield":2130,"minecraft:drop":37,"minecraft:play_noteblock":11,"minecraft:talked_to_villager":4,"minecraft:play_time":424909,"minecraft:sneak_time":1764,"minecraft:deaths":18,"minecraft:walk_under_water_one_cm":22719,"tombstone:tomb_raiding":1,"minecraft:jump":3766,"minecraft:walk_on_water_one_cm":75927,"minecraft:total_world_time":424909,"minecraft:interact_with_furnace":16,"tombstone:raider_killed":32,"minecraft:tune_noteblock":6,"minecraft:raid_trigger":1,"minecraft:sleep_in_bed":25,"minecraft:time_since_rest":8463,"minecraft:damage_taken":2147483647,"minecraft:damage_dealt":14462,"minecraft:swim_one_cm":196599,"minecraft:fly_one_cm":712986,"minecraft:player_kills":1,"minecraft:open_chest":51,"minecraft:crouch_one_cm":9170,"tombstone:undead_killed":7,"minecraft:fall_one_cm":84482,"minecraft:horse_one_cm":9},"minecraft:used":{"minecraft:moss_carpet":2,"minecraft:spruce_slab":1,"minecraft:zombie_villager_spawn_egg":2,"minecraft:chest":3,"minecraft:spruce_planks":9,"minecraft:shield":192,"minecraft:iron_sword":341,"minecraft:rotten_flesh":3,"minecraft:oak_door":2,"minecraft:torch":36,"minecraft:dirt":131,"minecraft:mutton":5,"minecraft:skeleton_spawn_egg":4,"minecraft:jungle_planks":6,"minecraft:carrot":69,"minecraft:wooden_axe":120,"minecraft:lantern":5,"minecraft:iron_axe":25,"minecraft:birch_sapling":2,"minecraft:stone_bricks":23,"iceandfire:spawn_egg_lightning_dragon":1,"minecraft:bow":12,"minecraft:beef":1,"minecraft:furnace":1,"minecraft:beetroot_seeds":1,"tombstone:gift":3,"minecraft:egg":2,"minecraft:potato":62,"minecraft:wheat_seeds":64,"minecraft:water_bucket":30,"farmersdelight:iron_knife":58,"minecraft:mossy_stone_bricks":17,"minecraft:witch_spawn_egg":4,"minecraft:stone_pickaxe":262,"minecraft:jungle_fence":1,"minecraft:wooden_pickaxe":59,"minecraft:composter":2,"minecraft:cracked_stone_bricks":9,"minecraft:cookie":18,"minecraft:white_wool":7,"minecraft:crafting_table":9,"minecraft:red_bed":1,"minecraft:white_bed":3,"minecraft:note_block":7,"iceandfire:silver_pickaxe":59,"minecraft:oak_log":45,"minecraft:wooden_hoe":307,"minecraft:chicken":1,"minecraft:melon_slice":75,"minecraft:bread":26,"minecraft:iron_pickaxe":246,"minecraft:lilac":1,"minecraft:diamond_sword":55,"minecraft:cobblestone":212,"minecraft:porkchop":1,"minecraft:white_banner":2,"iceandfire:spawn_egg_hippogryph":4,"minecraft:bucket":30,"minecraft:gray_wool":1},"minecraft:mined":{"minecraft:spruce_planks":20,"minecraft:white_bed":2,"iceandfire:silver_ore":3,"minecraft:jungle_leaves":7,"minecraft:sea_lantern":2,"minecraft:purple_terracotta":2,"minecraft:grass_block":186,"minecraft:jungle_planks":5,"minecraft:jungle_log":6,"minecraft:oxeye_daisy":1,"minecraft:chiseled_stone_bricks":2,"minecraft:hay_block":40,"minecraft:carrots":18,"minecraft:iron_ore":19,"minecraft:andesite":2,"minecraft:moss_carpet":2,"minecraft:pumpkin":2,"minecraft:potatoes":6,"minecraft:dirt_path":4,"minecraft:vine":11,"minecraft:stripped_oak_log":3,"minecraft:stripped_jungle_log":1,"minecraft:smooth_sandstone_stairs":42,"minecraft:bamboo":2,"minecraft:stone":230,"iceandfire:podium_spruce":1,"minecraft:white_wool":7,"minecraft:spruce_slab":3,"minecraft:infested_stone_bricks":2,"minecraft:stone_brick_slab":1,"minecraft:dandelion":9,"minecraft:oak_fence":1,"minecraft:smooth_sandstone":97,"minecraft:crafting_table":2,"minecraft:note_block":7,"minecraft:jungle_stairs":1,"minecraft:poppy":1,"minecraft:melon":14,"minecraft:mushroom_stem":3,"minecraft:stone_slab":3,"minecraft:copper_ore":20,"minecraft:tall_grass":21,"minecraft:cobblestone":5,"minecraft:wall_torch":5,"minecraft:spruce_stairs":2,"minecraft:birch_sapling":1,"minecraft:gray_wool":1,"minecraft:birch_log":6,"minecraft:wheat":19,"minecraft:lilac":1,"minecraft:birch_leaves":2,"minecraft:jungle_fence":1,"minecraft:stone_brick_stairs":1,"minecraft:infested_mossy_stone_bricks":10,"minecraft:grass":147,"minecraft:oak_log":65,"minecraft:coal_ore":51,"minecraft:beetroots":1,"minecraft:gravel":4,"minecraft:dirt":77,"minecraft:crimson_planks":1,"minecraft:infested_cracked_stone_bricks":5,"minecraft:cobweb":4,"minecraft:cracked_stone_bricks":17,"minecraft:red_mushroom_block":14,"minecraft:dispenser":1,"minecraft:stone_bricks":36,"minecraft:mossy_stone_bricks":26,"minecraft:oak_leaves":52,"minecraft:fern":4},"minecraft:broken":{"minecraft:iron_chestplate":1,"minecraft:leather_chestplate":1,"minecraft:wooden_pickaxe":1,"minecraft:stone_pickaxe":2,"iceandfire:armor_copper_metal_leggings":1,"minecraft:iron_axe":1,"minecraft:leather_boots":1,"minecraft:iron_pickaxe":1,"minecraft:wooden_axe":1,"minecraft:wooden_hoe":3},"minecraft:picked_up":{"minecraft:iron_chestplate":1,"minecraft:crafting_table":2,"minecraft:wheat":26,"minecraft:chicken":2,"backpacked:backpack":1,"minecraft:stone_slab":6,"minecraft:diamond_sword":1,"minecraft:stone_brick_stairs":1,"minecraft:crimson_planks":1,"minecraft:shield":3,"minecraft:cornflower":1,"minecraft:string":7,"minecraft:moss_carpet":10,"minecraft:raw_copper":70,"minecraft:iron_axe":1,"minecraft:cracked_stone_bricks":17,"iceandfire:bestiary":1,"minecraft:spruce_planks":18,"minecraft:beef":12,"minecraft:poppy":1,"minecraft:spruce_slab":4,"minecraft:melon_slice":75,"minecraft:birch_sapling":2,"minecraft:egg":4,"iceandfire:pixie_dust":1,"minecraft:stick":4,"minecraft:raw_iron":19,"minecraft:oak_fence":1,"minecraft:torch":5,"minecraft:spruce_stairs":1,"minecraft:note_block":7,"minecraft:porkchop":2,"tombstone:grave_dust":4,"minecraft:carrot":68,"minecraft:redstone":1,"minecraft:prismarine_crystals":6,"minecraft:purple_terracotta":1,"minecraft:arrow":10,"minecraft:rotten_flesh":9,"minecraft:beetroot_seeds":1,"minecraft:jungle_stairs":1,"minecraft:hay_block":38,"minecraft:mutton":13,"minecraft:white_wool":13,"minecraft:cobblestone":231,"minecraft:oxeye_daisy":2,"minecraft:stripped_oak_log":3,"minecraft:birch_log":6,"minecraft:feather":1,"minecraft:lilac":1,"minecraft:andesite":2,"minecraft:jungle_log":8,"minecraft:leather":5,"minecraft:jungle_fence":1,"minecraft:red_mushroom":1,"minecraft:potato":18,"minecraft:smooth_sandstone_stairs":40,"minecraft:oak_log":65,"minecraft:gunpowder":6,"minecraft:dirt":233,"minecraft:lantern":1,"minecraft:white_banner":3,"minecraft:smooth_sandstone":94,"minecraft:bone":12,"minecraft:stone_bricks":32,"minecraft:wheat_seeds":79,"minecraft:mossy_stone_bricks":24,"minecraft:glass_bottle":1,"minecraft:bamboo":7,"minecraft:iron_sword":2,"iceandfire:amphithere_feather":7,"minecraft:oak_slab":4,"minecraft:pumpkin":2,"iceandfire:podium_spruce":1,"minecraft:dandelion":12,"minecraft:gravel":4,"minecraft:jungle_planks":5,"minecraft:white_bed":2,"minecraft:spider_eye":4,"minecraft:stripped_jungle_log":1,"minecraft:dispenser":1,"minecraft:crossbow":1,"minecraft:gray_wool":3,"minecraft:emerald":14,"minecraft:oak_sapling":6,"minecraft:black_wool":1,"minecraft:coal":51,"iceandfire:raw_silver":3}},"DataVersion":3465}