{"stats":{"minecraft:crafted":{"tombstone:grave_key":1},"minecraft:dropped":{"minecraft:diamond_sword":1},"minecraft:killed_by":{"minecraft:zombie_villager":1,"iceandfire:amphithere":1,"minecraft:skeleton":1,"minecraft:zombie":1},"minecraft:killed":{"minecraft:zombie":1,"minecraft:pig":1,"minecraft:witch":1,"iceandfire:amphithere":1,"minecraft:chicken":1,"minecraft:spider":1,"minecraft:creeper":3},"minecraft:custom":{"minecraft:time_since_rest":4767,"minecraft:interact_with_furnace":1,"minecraft:sprint_one_cm":128300,"minecraft:damage_taken":1290,"minecraft:walk_one_cm":227168,"minecraft:damage_blocked_by_shield":470,"minecraft:mob_kills":10,"minecraft:drop":1,"minecraft:damage_dealt":3512,"minecraft:talked_to_villager":4,"minecraft:swim_one_cm":736,"minecraft:interact_with_crafting_table":1,"minecraft:fly_one_cm":224222,"minecraft:open_barrel":3,"minecraft:open_chest":16,"tombstone:undead_killed":1,"minecraft:bell_ring":18,"minecraft:crouch_one_cm":5148,"minecraft:play_time":107886,"minecraft:deaths":4,"minecraft:sneak_time":1002,"minecraft:walk_under_water_one_cm":10368,"minecraft:jump":392,"minecraft:leave_game":16,"minecraft:walk_on_water_one_cm":6290,"minecraft:time_since_death":5323,"minecraft:sleep_in_bed":1,"minecraft:climb_one_cm":11860,"minecraft:total_world_time":107886,"minecraft:fall_one_cm":6315},"minecraft:used":{"minecraft:moss_carpet":2,"minecraft:witch_spawn_egg":4,"minecraft:melon_slice":7,"minecraft:zombie_villager_spawn_egg":2,"minecraft:iron_pickaxe":1,"minecraft:shield":37,"minecraft:iron_sword":19,"minecraft:rotten_flesh":2,"minecraft:diamond_sword":55,"minecraft:skeleton_spawn_egg":4,"iceandfire:spawn_egg_lightning_dragon":1,"minecraft:crafting_table":3,"minecraft:red_bed":1,"minecraft:porkchop":1,"iceandfire:spawn_egg_hippogryph":4,"minecraft:carrot":1},"minecraft:mined":{"minecraft:jungle_fence":1,"minecraft:jungle_leaves":6,"minecraft:birch_leaves":1,"minecraft:moss_carpet":2,"minecraft:grass_block":3,"minecraft:vine":6,"minecraft:melon":1,"minecraft:jungle_log":3,"minecraft:stripped_jungle_log":1,"minecraft:oak_leaves":32},"minecraft:picked_up":{"iceandfire:amphithere_feather":7,"minecraft:stick":1,"minecraft:feather":1,"minecraft:chicken":1,"minecraft:jungle_log":3,"minecraft:jungle_fence":1,"minecraft:diamond_sword":1,"minecraft:porkchop":2,"minecraft:shield":1,"minecraft:gunpowder":5,"minecraft:redstone":1,"minecraft:dirt":3,"minecraft:spider_eye":1,"minecraft:string":1,"minecraft:stripped_jungle_log":1,"minecraft:moss_carpet":2,"minecraft:arrow":3,"minecraft:bone":5,"minecraft:rotten_flesh":4,"minecraft:wheat_seeds":3,"minecraft:oak_sapling":1,"minecraft:melon_slice":7,"minecraft:iron_sword":1}},"DataVersion":3465}