{"stats":{"minecraft:custom":{"minecraft:jump":22,"minecraft:time_since_rest":11239,"minecraft:crouch_one_cm":252,"minecraft:leave_game":7,"minecraft:play_time":11239,"minecraft:sprint_one_cm":1787,"minecraft:damage_taken":210,"minecraft:time_since_death":11239,"minecraft:walk_one_cm":3956,"minecraft:sneak_time":59,"minecraft:total_world_time":11239,"minecraft:fall_one_cm":3633,"minecraft:fly_one_cm":1663},"minecraft:used":{"minecraft:rotten_flesh":2},"minecraft:picked_up":{"minecraft:rotten_flesh":2},"minecraft:mined":{"minecraft:birch_leaves":1}},"DataVersion":3465}