{"stats":{"minecraft:mined":{"minecraft:birch_leaves":1},"minecraft:killed":{"minecraft:spider":1,"minecraft:witch":1,"minecraft:creeper":2},"minecraft:custom":{"minecraft:time_since_rest":30807,"minecraft:crouch_one_cm":2489,"minecraft:sprint_one_cm":53917,"minecraft:play_time":30807,"minecraft:damage_taken":210,"minecraft:walk_one_cm":53910,"minecraft:sneak_time":521,"minecraft:mob_kills":5,"minecraft:jump":117,"minecraft:damage_dealt":2233,"minecraft:leave_game":12,"minecraft:time_since_death":30807,"minecraft:total_world_time":30807,"minecraft:fall_one_cm":3633,"minecraft:fly_one_cm":176741},"minecraft:used":{"minecraft:rotten_flesh":2,"minecraft:diamond_sword":45,"minecraft:skeleton_spawn_egg":4,"iceandfire:spawn_egg_lightning_dragon":1,"minecraft:witch_spawn_egg":4,"iceandfire:spawn_egg_hippogryph":4},"minecraft:picked_up":{"minecraft:stick":1,"minecraft:rotten_flesh":2,"minecraft:gunpowder":3,"minecraft:redstone":1,"minecraft:spider_eye":1,"minecraft:string":1}},"DataVersion":3465}