{"stats":{"minecraft:dropped":{"minecraft:wheat_seeds":3,"minecraft:dirt":35,"minecraft:rotten_flesh":1,"minecraft:diamond_sword":1,"minecraft:shield":1,"minecraft:oak_sapling":2},"minecraft:crafted":{"minecraft:oak_door":3,"minecraft:oak_planks":28,"minecraft:iron_nugget":36,"minecraft:furnace":1,"minecraft:lantern":4,"tombstone:grave_key":1,"minecraft:stone_pickaxe":1,"minecraft:chest":1,"minecraft:crafting_table":3,"farmersdelight:iron_knife":1,"minecraft:wooden_pickaxe":1,"minecraft:bucket":1,"minecraft:jungle_planks":32,"minecraft:wooden_hoe":1,"minecraft:stick":23,"minecraft:wooden_axe":1,"minecraft:white_bed":1,"minecraft:torch":60},"minecraft:killed_by":{"minecraft:zombie_villager":1,"iceandfire:amphithere":1,"minecraft:silverfish":4,"minecraft:skeleton":3,"minecraft:zombie":1},"minecraft:killed":{"minecraft:witch":1,"minecraft:spider":2,"minecraft:chicken":1,"minecraft:silverfish":11,"minecraft:pig":1,"iceandfire:amphithere":1,"minecraft:creeper":3,"minecraft:sheep":3,"minecraft:zombie":3,"minecraft:cow":3},"minecraft:custom":{"minecraft:mob_kills":33,"minecraft:interact_with_crafting_table":21,"minecraft:open_barrel":3,"minecraft:bell_ring":18,"minecraft:leave_game":16,"minecraft:time_since_death":66134,"minecraft:climb_one_cm":41399,"minecraft:sprint_one_cm":437136,"minecraft:walk_one_cm":592418,"minecraft:damage_blocked_by_shield":810,"minecraft:drop":7,"minecraft:play_noteblock":2,"minecraft:talked_to_villager":4,"minecraft:play_time":231202,"minecraft:deaths":12,"minecraft:sneak_time":1319,"minecraft:walk_under_water_one_cm":10609,"minecraft:jump":1759,"minecraft:walk_on_water_one_cm":10037,"minecraft:total_world_time":231202,"minecraft:interact_with_furnace":3,"minecraft:tune_noteblock":4,"minecraft:sleep_in_bed":8,"minecraft:time_since_rest":11144,"minecraft:damage_taken":4218,"minecraft:damage_dealt":6543,"minecraft:swim_one_cm":736,"minecraft:fly_one_cm":360868,"minecraft:open_chest":39,"minecraft:crouch_one_cm":7143,"tombstone:undead_killed":3,"minecraft:fall_one_cm":37742,"minecraft:horse_one_cm":9},"minecraft:used":{"minecraft:moss_carpet":2,"minecraft:zombie_villager_spawn_egg":2,"minecraft:chest":1,"minecraft:shield":158,"minecraft:iron_sword":151,"minecraft:rotten_flesh":2,"minecraft:oak_door":2,"minecraft:torch":36,"minecraft:dirt":51,"minecraft:mutton":5,"minecraft:skeleton_spawn_egg":4,"minecraft:jungle_planks":6,"minecraft:carrot":6,"minecraft:wooden_axe":43,"minecraft:lantern":5,"minecraft:stone_bricks":1,"iceandfire:spawn_egg_lightning_dragon":1,"minecraft:furnace":1,"minecraft:potato":1,"minecraft:water_bucket":4,"farmersdelight:iron_knife":11,"minecraft:mossy_stone_bricks":17,"minecraft:witch_spawn_egg":4,"minecraft:stone_pickaxe":89,"minecraft:jungle_fence":1,"minecraft:wooden_pickaxe":21,"minecraft:cookie":5,"minecraft:white_wool":5,"minecraft:crafting_table":8,"minecraft:red_bed":1,"minecraft:white_bed":3,"minecraft:wooden_hoe":41,"minecraft:melon_slice":57,"minecraft:chicken":1,"minecraft:iron_pickaxe":182,"minecraft:diamond_sword":55,"minecraft:cobblestone":77,"minecraft:porkchop":1,"iceandfire:spawn_egg_hippogryph":4,"minecraft:bucket":5,"minecraft:gray_wool":1},"minecraft:mined":{"minecraft:white_bed":2,"iceandfire:silver_ore":2,"minecraft:jungle_leaves":7,"minecraft:grass_block":75,"minecraft:jungle_planks":2,"minecraft:jungle_log":6,"minecraft:chiseled_stone_bricks":2,"minecraft:iron_ore":16,"minecraft:andesite":2,"minecraft:moss_carpet":2,"minecraft:pumpkin":2,"minecraft:dirt_path":1,"minecraft:vine":10,"minecraft:stripped_jungle_log":1,"minecraft:smooth_sandstone_stairs":6,"minecraft:bamboo":2,"minecraft:stone":110,"iceandfire:podium_spruce":1,"minecraft:white_wool":5,"minecraft:infested_stone_bricks":2,"minecraft:smooth_sandstone":9,"minecraft:crafting_table":2,"minecraft:melon":14,"minecraft:mushroom_stem":3,"minecraft:stone_slab":3,"minecraft:tall_grass":4,"minecraft:cobblestone":1,"minecraft:wall_torch":5,"minecraft:gray_wool":1,"minecraft:birch_log":6,"minecraft:birch_leaves":1,"minecraft:jungle_fence":1,"minecraft:stone_brick_stairs":1,"minecraft:grass":39,"minecraft:infested_mossy_stone_bricks":10,"minecraft:coal_ore":30,"minecraft:oak_log":7,"minecraft:gravel":4,"minecraft:dirt":60,"minecraft:infested_cracked_stone_bricks":5,"minecraft:cobweb":1,"minecraft:cracked_stone_bricks":10,"minecraft:red_mushroom_block":14,"minecraft:stone_bricks":31,"minecraft:mossy_stone_bricks":25,"minecraft:oak_leaves":44,"minecraft:fern":4},"minecraft:broken":{"minecraft:leather_chestplate":1,"minecraft:leather_boots":1},"minecraft:picked_up":{"minecraft:crafting_table":2,"minecraft:chicken":2,"minecraft:stone_slab":6,"minecraft:diamond_sword":1,"minecraft:stone_brick_stairs":1,"minecraft:shield":2,"minecraft:string":3,"minecraft:moss_carpet":10,"iceandfire:bestiary":1,"minecraft:cracked_stone_bricks":10,"minecraft:beef":9,"minecraft:melon_slice":75,"minecraft:egg":4,"iceandfire:pixie_dust":1,"minecraft:stick":2,"minecraft:raw_iron":16,"minecraft:torch":5,"minecraft:porkchop":2,"minecraft:redstone":1,"minecraft:arrow":5,"minecraft:rotten_flesh":5,"minecraft:mutton":11,"minecraft:white_wool":10,"minecraft:cobblestone":109,"minecraft:birch_log":6,"minecraft:feather":1,"minecraft:jungle_log":8,"minecraft:andesite":2,"minecraft:leather":4,"minecraft:jungle_fence":1,"minecraft:red_mushroom":1,"minecraft:smooth_sandstone_stairs":5,"minecraft:oak_log":7,"minecraft:gunpowder":5,"minecraft:dirt":110,"minecraft:lantern":1,"minecraft:smooth_sandstone":6,"minecraft:bone":5,"minecraft:stone_bricks":29,"minecraft:wheat_seeds":8,"minecraft:mossy_stone_bricks":24,"minecraft:bamboo":7,"minecraft:iron_sword":1,"iceandfire:amphithere_feather":7,"minecraft:pumpkin":2,"iceandfire:podium_spruce":1,"minecraft:gravel":4,"minecraft:jungle_planks":2,"minecraft:white_bed":2,"minecraft:spider_eye":1,"minecraft:stripped_jungle_log":1,"minecraft:gray_wool":3,"minecraft:oak_sapling":6,"minecraft:black_wool":1,"minecraft:coal":30,"iceandfire:raw_silver":2}},"DataVersion":3465}