{"stats":{"minecraft:crafted":{"tombstone:grave_key":1},"minecraft:dropped":{"minecraft:diamond_sword":1},"minecraft:killed_by":{"minecraft:zombie_villager":1,"minecraft:skeleton":1,"minecraft:zombie":1},"minecraft:killed":{"minecraft:pig":1,"minecraft:witch":1,"minecraft:chicken":1,"minecraft:spider":1,"minecraft:creeper":3},"minecraft:custom":{"minecraft:time_since_rest":12449,"minecraft:interact_with_furnace":1,"minecraft:sprint_one_cm":78598,"minecraft:damage_taken":920,"minecraft:walk_one_cm":115994,"minecraft:mob_kills":8,"minecraft:drop":1,"minecraft:damage_dealt":2862,"minecraft:interact_with_crafting_table":1,"minecraft:fly_one_cm":218943,"minecraft:open_barrel":1,"minecraft:open_chest":3,"minecraft:crouch_one_cm":3383,"minecraft:play_time":59886,"minecraft:deaths":3,"minecraft:sneak_time":651,"minecraft:jump":217,"minecraft:leave_game":16,"minecraft:time_since_death":13148,"minecraft:climb_one_cm":1306,"minecraft:total_world_time":59886,"minecraft:fall_one_cm":4199},"minecraft:used":{"minecraft:witch_spawn_egg":4,"minecraft:zombie_villager_spawn_egg":2,"minecraft:rotten_flesh":2,"minecraft:diamond_sword":55,"minecraft:skeleton_spawn_egg":4,"iceandfire:spawn_egg_lightning_dragon":1,"minecraft:crafting_table":3,"minecraft:red_bed":1,"minecraft:porkchop":1,"iceandfire:spawn_egg_hippogryph":4},"minecraft:mined":{"minecraft:birch_leaves":1},"minecraft:picked_up":{"minecraft:stick":1,"minecraft:feather":1,"minecraft:chicken":1,"minecraft:diamond_sword":1,"minecraft:porkchop":2,"minecraft:gunpowder":5,"minecraft:redstone":1,"minecraft:spider_eye":1,"minecraft:string":1,"minecraft:rotten_flesh":4}},"DataVersion":3465}