{"stats":{"minecraft:dropped":{"minecraft:wheat_seeds":3,"minecraft:rotten_flesh":1,"minecraft:diamond_sword":1,"minecraft:shield":1,"minecraft:oak_sapling":2},"minecraft:crafted":{"minecraft:oak_door":3,"minecraft:oak_planks":20,"minecraft:crafting_table":2,"farmersdelight:iron_knife":1,"minecraft:wooden_pickaxe":1,"minecraft:bucket":1,"minecraft:jungle_planks":32,"minecraft:wooden_hoe":1,"tombstone:grave_key":1,"minecraft:stick":11,"minecraft:wooden_axe":1,"minecraft:chest":1,"minecraft:torch":20},"minecraft:killed_by":{"minecraft:zombie_villager":1,"minecraft:silverfish":4,"minecraft:skeleton":3,"minecraft:zombie":1,"iceandfire:amphithere":1},"minecraft:killed":{"minecraft:pig":1,"minecraft:witch":1,"iceandfire:amphithere":1,"minecraft:spider":2,"minecraft:creeper":3,"minecraft:sheep":3,"minecraft:zombie":3,"minecraft:chicken":1,"minecraft:silverfish":11,"minecraft:cow":3},"minecraft:custom":{"minecraft:interact_with_furnace":2,"minecraft:mob_kills":32,"minecraft:interact_with_crafting_table":9,"minecraft:open_barrel":3,"minecraft:bell_ring":18,"minecraft:leave_game":16,"minecraft:time_since_death":30134,"minecraft:sleep_in_bed":6,"minecraft:climb_one_cm":35133,"minecraft:time_since_rest":11686,"minecraft:sprint_one_cm":362031,"minecraft:damage_taken":4088,"minecraft:walk_one_cm":492206,"minecraft:damage_blocked_by_shield":810,"minecraft:drop":6,"minecraft:damage_dealt":6508,"minecraft:swim_one_cm":736,"minecraft:talked_to_villager":4,"minecraft:fly_one_cm":283221,"minecraft:open_chest":34,"minecraft:crouch_one_cm":6847,"minecraft:play_time":195202,"tombstone:undead_killed":3,"minecraft:deaths":12,"minecraft:sneak_time":1278,"minecraft:walk_under_water_one_cm":10368,"minecraft:jump":1266,"minecraft:walk_on_water_one_cm":8173,"minecraft:total_world_time":195202,"minecraft:fall_one_cm":24037,"minecraft:horse_one_cm":9},"minecraft:used":{"farmersdelight:iron_knife":10,"minecraft:moss_carpet":2,"minecraft:mossy_stone_bricks":17,"minecraft:witch_spawn_egg":4,"minecraft:zombie_villager_spawn_egg":2,"minecraft:jungle_fence":1,"minecraft:chest":1,"minecraft:wooden_pickaxe":3,"minecraft:shield":158,"minecraft:iron_sword":150,"minecraft:rotten_flesh":2,"minecraft:oak_door":1,"minecraft:cookie":5,"minecraft:white_wool":5,"minecraft:torch":20,"minecraft:mutton":5,"minecraft:dirt":3,"minecraft:skeleton_spawn_egg":4,"minecraft:crafting_table":5,"minecraft:red_bed":1,"minecraft:jungle_planks":6,"minecraft:carrot":6,"minecraft:white_bed":1,"minecraft:wooden_axe":29,"minecraft:wooden_hoe":17,"minecraft:chicken":1,"minecraft:melon_slice":41,"minecraft:iron_pickaxe":182,"minecraft:stone_bricks":1,"minecraft:diamond_sword":55,"minecraft:cobblestone":62,"iceandfire:spawn_egg_lightning_dragon":1,"minecraft:porkchop":1,"iceandfire:spawn_egg_hippogryph":4,"minecraft:potato":1,"minecraft:gray_wool":1},"minecraft:mined":{"minecraft:white_bed":1,"iceandfire:silver_ore":2,"minecraft:infested_stone_bricks":2,"minecraft:jungle_leaves":7,"minecraft:grass_block":12,"minecraft:jungle_planks":2,"minecraft:melon":14,"minecraft:jungle_log":6,"minecraft:mushroom_stem":3,"minecraft:stone_slab":3,"minecraft:tall_grass":4,"minecraft:cobblestone":1,"minecraft:wall_torch":1,"minecraft:chiseled_stone_bricks":2,"minecraft:gray_wool":1,"minecraft:pumpkin":2,"minecraft:birch_leaves":1,"minecraft:andesite":2,"minecraft:jungle_fence":1,"minecraft:moss_carpet":2,"minecraft:infested_mossy_stone_bricks":10,"minecraft:grass":37,"minecraft:oak_log":7,"minecraft:coal_ore":21,"minecraft:vine":10,"minecraft:dirt":3,"minecraft:stripped_jungle_log":1,"minecraft:infested_cracked_stone_bricks":5,"minecraft:cracked_stone_bricks":10,"minecraft:red_mushroom_block":14,"minecraft:bamboo":2,"minecraft:stone":63,"minecraft:stone_bricks":31,"iceandfire:podium_spruce":1,"minecraft:mossy_stone_bricks":25,"minecraft:white_wool":5,"minecraft:oak_leaves":44,"minecraft:fern":4},"minecraft:broken":{"minecraft:leather_boots":1,"minecraft:leather_chestplate":1},"minecraft:picked_up":{"minecraft:feather":1,"minecraft:chicken":2,"minecraft:andesite":2,"minecraft:jungle_log":8,"minecraft:leather":4,"minecraft:diamond_sword":1,"minecraft:stone_slab":6,"minecraft:jungle_fence":1,"minecraft:red_mushroom":1,"minecraft:oak_log":7,"minecraft:shield":2,"minecraft:gunpowder":5,"minecraft:dirt":15,"minecraft:string":2,"minecraft:moss_carpet":10,"minecraft:bone":5,"minecraft:stone_bricks":29,"minecraft:cracked_stone_bricks":10,"iceandfire:bestiary":1,"minecraft:wheat_seeds":7,"minecraft:beef":9,"minecraft:mossy_stone_bricks":24,"minecraft:bamboo":7,"minecraft:melon_slice":75,"minecraft:iron_sword":1,"minecraft:egg":3,"iceandfire:pixie_dust":1,"iceandfire:amphithere_feather":7,"minecraft:stick":2,"minecraft:pumpkin":2,"iceandfire:podium_spruce":1,"minecraft:torch":1,"minecraft:porkchop":2,"minecraft:jungle_planks":2,"minecraft:white_bed":1,"minecraft:redstone":1,"minecraft:spider_eye":1,"minecraft:stripped_jungle_log":1,"minecraft:arrow":3,"minecraft:rotten_flesh":5,"minecraft:black_wool":1,"minecraft:gray_wool":3,"minecraft:oak_sapling":6,"minecraft:mutton":10,"minecraft:white_wool":9,"minecraft:coal":21,"iceandfire:raw_silver":2,"minecraft:cobblestone":63}},"DataVersion":3465}