{"stats":{"minecraft:crafted":{"minecraft:oak_planks":24,"minecraft:wooden_shovel":1,"minecraft:crafting_table":1,"minecraft:stick":4,"minecraft:wooden_axe":1},"minecraft:killed":{"minecraft:zombie":1},"minecraft:custom":{"minecraft:time_since_rest":10382,"minecraft:open_chest":10,"tombstone:undead_killed":1,"minecraft:interact_with_furnace":1,"minecraft:play_time":10382,"minecraft:sprint_one_cm":30153,"minecraft:damage_taken":50,"minecraft:walk_one_cm":38161,"minecraft:mob_kills":1,"minecraft:jump":76,"minecraft:interact_with_stonecutter":1,"minecraft:damage_dealt":260,"minecraft:time_since_death":10382,"minecraft:total_world_time":10382,"minecraft:climb_one_cm":2991,"minecraft:play_noteblock":1,"minecraft:tune_noteblock":3,"minecraft:interact_with_crafting_table":1,"minecraft:fall_one_cm":476,"minecraft:fly_one_cm":10080},"minecraft:used":{"minecraft:wooden_axe":1,"minecraft:crafting_table":1,"minecraft:iron_sword":8},"minecraft:mined":{"minecraft:oak_log":6,"minecraft:crafting_table":1},"minecraft:picked_up":{"minecraft:crafting_table":1,"minecraft:rotten_flesh":1,"minecraft:beetroot_seeds":1,"minecraft:oak_log":6,"minecraft:bread":64,"minecraft:shield":1,"minecraft:iron_sword":1,"minecraft:dirt":15}},"DataVersion":3465}