{"stats":{"minecraft:crafted":{"minecraft:oak_planks":24,"minecraft:wooden_shovel":1,"minecraft:crafting_table":1,"minecraft:stick":4,"minecraft:wooden_axe":1},"minecraft:killed_by":{"iceandfire:gorgon":2,"minecraft:player":1,"minecraft:skeleton":1,"minecraft:enderman":1},"minecraft:killed":{"minecraft:skeleton":1,"minecraft:zombie":1,"minecraft:vindicator":4,"iceandfire:gorgon":1,"minecraft:spider":1},"minecraft:custom":{"minecraft:time_since_rest":569,"minecraft:sprint_one_cm":159682,"minecraft:interact_with_furnace":1,"minecraft:damage_taken":2147483647,"minecraft:walk_one_cm":100204,"minecraft:damage_blocked_by_shield":280,"minecraft:mob_kills":8,"tombstone:raider_killed":4,"minecraft:damage_dealt":3660,"minecraft:play_noteblock":1,"minecraft:swim_one_cm":61882,"minecraft:interact_with_crafting_table":1,"minecraft:tune_noteblock":3,"minecraft:fly_one_cm":40959,"minecraft:open_chest":10,"minecraft:crouch_one_cm":1124,"minecraft:deaths":5,"minecraft:play_time":43260,"tombstone:undead_killed":3,"minecraft:sneak_time":915,"minecraft:walk_under_water_one_cm":2077,"minecraft:jump":274,"minecraft:interact_with_stonecutter":1,"minecraft:leave_game":1,"minecraft:walk_on_water_one_cm":16834,"minecraft:time_since_death":5616,"minecraft:sleep_in_bed":2,"minecraft:climb_one_cm":4547,"minecraft:total_world_time":43260,"minecraft:fall_one_cm":4915},"minecraft:used":{"minecraft:wooden_axe":31,"minecraft:bread":6,"minecraft:oak_planks":2,"minecraft:shield":7,"minecraft:iron_sword":107,"minecraft:dirt":16,"minecraft:crafting_table":1,"tombstone:gift":1},"minecraft:mined":{"minecraft:crafting_table":1,"minecraft:grass":4,"minecraft:oak_log":6,"minecraft:dirt":4,"minecraft:oak_planks":1,"minecraft:spruce_slab":1},"minecraft:broken":{"minecraft:wooden_axe":1,"minecraft:iron_sword":1},"minecraft:picked_up":{"minecraft:crafting_table":1,"minecraft:stone_brick_slab":1,"minecraft:oak_log":6,"minecraft:shield":1,"minecraft:string":1,"minecraft:dirt":19,"minecraft:arrow":6,"minecraft:bone":5,"minecraft:rotten_flesh":1,"minecraft:stone_bricks":2,"minecraft:beetroot_seeds":1,"minecraft:bow":1,"minecraft:wheat_seeds":1,"minecraft:emerald":1,"iceandfire:gorgon_head":1,"minecraft:spruce_slab":1,"minecraft:mossy_stone_bricks":1,"minecraft:bread":64,"minecraft:oak_planks":1,"minecraft:iron_sword":1}},"DataVersion":3465}