{"stats":{"minecraft:crafted":{"minecraft:oak_planks":24,"minecraft:wooden_shovel":1,"minecraft:crafting_table":1,"minecraft:stick":4,"minecraft:wooden_axe":1},"minecraft:killed_by":{"iceandfire:gorgon":2,"minecraft:skeleton":1,"minecraft:enderman":1},"minecraft:killed":{"minecraft:skeleton":1,"minecraft:zombie":1,"minecraft:spider":1},"minecraft:custom":{"minecraft:time_since_rest":733,"minecraft:sprint_one_cm":121005,"minecraft:interact_with_furnace":1,"minecraft:damage_taken":2147483647,"minecraft:walk_one_cm":81879,"minecraft:damage_blocked_by_shield":280,"minecraft:mob_kills":3,"minecraft:damage_dealt":775,"minecraft:play_noteblock":1,"minecraft:swim_one_cm":45329,"minecraft:interact_with_crafting_table":1,"minecraft:tune_noteblock":3,"minecraft:fly_one_cm":30954,"minecraft:open_chest":10,"minecraft:crouch_one_cm":404,"minecraft:deaths":4,"minecraft:play_time":28382,"tombstone:undead_killed":2,"minecraft:sneak_time":179,"minecraft:walk_under_water_one_cm":1770,"minecraft:jump":221,"minecraft:interact_with_stonecutter":1,"minecraft:walk_on_water_one_cm":8475,"minecraft:time_since_death":1006,"minecraft:sleep_in_bed":1,"minecraft:climb_one_cm":4049,"minecraft:total_world_time":28382,"minecraft:fall_one_cm":2548},"minecraft:used":{"minecraft:wooden_axe":1,"minecraft:bread":2,"minecraft:oak_planks":2,"minecraft:shield":7,"minecraft:iron_sword":32,"minecraft:dirt":6,"minecraft:crafting_table":1},"minecraft:mined":{"minecraft:crafting_table":1,"minecraft:grass":4,"minecraft:oak_log":6,"minecraft:dirt":1,"minecraft:oak_planks":1},"minecraft:picked_up":{"minecraft:crafting_table":1,"minecraft:stone_brick_slab":1,"minecraft:oak_log":6,"minecraft:shield":1,"minecraft:string":1,"minecraft:dirt":16,"minecraft:arrow":6,"minecraft:bone":5,"minecraft:rotten_flesh":1,"minecraft:stone_bricks":2,"minecraft:beetroot_seeds":1,"minecraft:bow":1,"minecraft:wheat_seeds":1,"minecraft:mossy_stone_bricks":1,"minecraft:bread":64,"minecraft:oak_planks":1,"minecraft:iron_sword":1}},"DataVersion":3465}