{"stats":{"minecraft:dropped":{"iceandfire:bestiary":2},"minecraft:crafted":{"minecraft:wooden_sword":1,"minecraft:crafting_table":1,"minecraft:stick":8,"minecraft:wooden_pickaxe":1,"minecraft:stone_pickaxe":1,"minecraft:stone_sword":1,"minecraft:furnace":1,"minecraft:torch":8,"minecraft:bread":34,"minecraft:jungle_planks":16,"minecraft:wheat":99},"minecraft:killed_by":{"minecraft:iron_golem":1,"minecraft:silverfish":3},"minecraft:custom":{"minecraft:time_since_rest":9100,"minecraft:interact_with_furnace":1,"minecraft:sprint_one_cm":48121,"minecraft:damage_taken":1390,"minecraft:walk_one_cm":98521,"minecraft:drop":2,"minecraft:damage_dealt":493,"minecraft:interact_with_crafting_table":7,"minecraft:talked_to_villager":4,"minecraft:fly_one_cm":17731,"minecraft:open_barrel":2,"minecraft:open_chest":15,"minecraft:crouch_one_cm":252,"minecraft:play_time":40674,"minecraft:interact_with_campfire":12,"minecraft:deaths":4,"minecraft:sneak_time":226,"minecraft:walk_under_water_one_cm":70,"minecraft:jump":285,"minecraft:time_since_death":9921,"minecraft:walk_on_water_one_cm":521,"minecraft:climb_one_cm":9503,"minecraft:total_world_time":40674,"minecraft:fall_one_cm":5012},"minecraft:used":{"minecraft:mossy_stone_bricks":1,"minecraft:stone_sword":3,"minecraft:baked_potato":2,"minecraft:wooden_pickaxe":45,"minecraft:stone_bricks":1,"minecraft:salmon":2,"minecraft:chiseled_stone_bricks":2,"minecraft:wooden_sword":6,"minecraft:hay_block":2,"minecraft:crafting_table":2,"minecraft:furnace":1,"minecraft:andesite":1,"tombstone:gift":1},"minecraft:mined":{"minecraft:hay_block":13,"minecraft:jungle_leaves":2,"minecraft:stone_brick_slab":1,"minecraft:andesite":4,"minecraft:crafting_table":1,"minecraft:coal_ore":11,"minecraft:jungle_log":8,"minecraft:stone":21,"minecraft:stone_bricks":1,"minecraft:chiseled_stone_bricks":5},"minecraft:picked_up":{"minecraft:crafting_table":1,"minecraft:andesite":4,"minecraft:jungle_log":8,"minecraft:chiseled_stone_bricks":7,"minecraft:stone_brick_slab":1,"minecraft:stone_bricks":2,"iceandfire:bestiary":2,"minecraft:hay_block":13,"minecraft:mossy_stone_bricks":1,"minecraft:baked_potato":12,"minecraft:coal":11,"minecraft:cobblestone":21}},"DataVersion":3465}