{"stats":{"minecraft:crafted":{"minecraft:wheat":54},"minecraft:dropped":{"iceandfire:bestiary":2},"minecraft:killed_by":{"minecraft:iron_golem":1},"minecraft:custom":{"minecraft:open_barrel":2,"minecraft:time_since_rest":1,"minecraft:open_chest":15,"minecraft:deaths":1,"minecraft:crouch_one_cm":150,"minecraft:play_time":22674,"minecraft:sprint_one_cm":28302,"minecraft:walk_one_cm":51185,"minecraft:damage_taken":330,"minecraft:interact_with_campfire":12,"minecraft:sneak_time":120,"minecraft:drop":2,"minecraft:jump":68,"minecraft:damage_dealt":15,"minecraft:time_since_death":1423,"minecraft:total_world_time":22674,"minecraft:climb_one_cm":5207,"minecraft:talked_to_villager":4,"minecraft:interact_with_crafting_table":1,"minecraft:fall_one_cm":1627,"minecraft:fly_one_cm":6171},"minecraft:mined":{"minecraft:hay_block":12},"minecraft:picked_up":{"iceandfire:bestiary":2,"minecraft:hay_block":12,"minecraft:baked_potato":12}},"DataVersion":3465}