{"stats":{"minecraft:dropped":{"iceandfire:bestiary":2},"minecraft:crafted":{"minecraft:wooden_sword":1,"minecraft:crafting_table":1,"minecraft:stick":12,"tombstone:grave_plate":1,"minecraft:wooden_pickaxe":1,"minecraft:stone_pickaxe":1,"minecraft:stone_sword":1,"minecraft:furnace":1,"minecraft:stone":2,"minecraft:torch":8,"minecraft:stone_axe":1,"minecraft:bread":34,"minecraft:jungle_planks":16,"minecraft:wheat":99},"minecraft:killed_by":{"minecraft:iron_golem":1,"minecraft:silverfish":3},"minecraft:killed":{"minecraft:skeleton":1},"minecraft:custom":{"minecraft:time_since_rest":21100,"minecraft:interact_with_furnace":7,"minecraft:sprint_one_cm":48121,"minecraft:damage_taken":1430,"minecraft:walk_one_cm":102639,"minecraft:mob_kills":1,"minecraft:drop":2,"minecraft:damage_dealt":518,"minecraft:interact_with_crafting_table":15,"minecraft:talked_to_villager":4,"minecraft:fly_one_cm":17824,"minecraft:open_barrel":2,"minecraft:open_chest":15,"tombstone:undead_killed":1,"minecraft:crouch_one_cm":252,"minecraft:play_time":52674,"minecraft:interact_with_campfire":12,"minecraft:deaths":4,"minecraft:sneak_time":448,"minecraft:walk_under_water_one_cm":70,"minecraft:jump":301,"minecraft:time_since_death":21921,"minecraft:walk_on_water_one_cm":521,"minecraft:climb_one_cm":9503,"minecraft:total_world_time":52674,"minecraft:fall_one_cm":5012},"minecraft:used":{"minecraft:mossy_stone_bricks":1,"minecraft:stone_sword":5,"minecraft:baked_potato":2,"minecraft:wooden_pickaxe":57,"minecraft:stone_bricks":1,"minecraft:cookie":2,"minecraft:torch":1,"minecraft:salmon":2,"minecraft:chiseled_stone_bricks":2,"minecraft:wooden_sword":6,"minecraft:hay_block":2,"minecraft:crafting_table":2,"minecraft:furnace":1,"minecraft:andesite":1,"minecraft:cod":4,"tombstone:gift":1},"minecraft:mined":{"minecraft:hay_block":13,"minecraft:jungle_leaves":2,"minecraft:stone_brick_slab":1,"minecraft:andesite":4,"minecraft:crafting_table":1,"minecraft:coal_ore":18,"minecraft:jungle_log":8,"minecraft:stone":26,"minecraft:stone_bricks":1,"minecraft:chiseled_stone_bricks":5},"minecraft:broken":{"minecraft:wooden_pickaxe":1},"minecraft:picked_up":{"minecraft:crafting_table":1,"minecraft:andesite":4,"minecraft:jungle_log":8,"minecraft:chiseled_stone_bricks":7,"minecraft:stone_brick_slab":1,"minecraft:arrow":2,"minecraft:stone_bricks":2,"iceandfire:bestiary":2,"minecraft:hay_block":13,"minecraft:mossy_stone_bricks":1,"minecraft:baked_potato":12,"minecraft:coal":18,"minecraft:cobblestone":26}},"DataVersion":3465}