{"stats":{"minecraft:dropped":{"iceandfire:bestiary":2},"minecraft:crafted":{"minecraft:wooden_sword":1,"minecraft:crafting_table":1,"minecraft:wooden_pickaxe":1,"minecraft:furnace":1,"minecraft:stone":2,"minecraft:stone_axe":1,"minecraft:bread":37,"minecraft:jungle_planks":16,"minecraft:stick":12,"tombstone:grave_plate":1,"minecraft:stone_pickaxe":1,"minecraft:stone_sword":1,"minecraft:torch":16,"minecraft:wheat":108},"minecraft:killed_by":{"minecraft:silverfish":3,"minecraft:iron_golem":1},"minecraft:killed":{"minecraft:skeleton":1,"minecraft:silverfish":2},"minecraft:custom":{"minecraft:interact_with_furnace":10,"minecraft:mob_kills":4,"minecraft:interact_with_crafting_table":23,"minecraft:open_barrel":2,"minecraft:interact_with_campfire":12,"minecraft:leave_game":1,"minecraft:time_since_death":39834,"minecraft:climb_one_cm":16456,"minecraft:time_since_rest":39013,"minecraft:sprint_one_cm":78702,"minecraft:damage_taken":1790,"minecraft:walk_one_cm":150921,"minecraft:drop":2,"minecraft:damage_dealt":784,"minecraft:talked_to_villager":4,"minecraft:fly_one_cm":34717,"minecraft:open_chest":25,"minecraft:crouch_one_cm":255,"minecraft:play_time":70587,"tombstone:undead_killed":1,"minecraft:deaths":4,"minecraft:sneak_time":511,"minecraft:walk_under_water_one_cm":70,"minecraft:jump":521,"minecraft:walk_on_water_one_cm":882,"minecraft:total_world_time":70587,"minecraft:fall_one_cm":10562},"minecraft:used":{"minecraft:mossy_stone_bricks":1,"minecraft:stone_sword":8,"minecraft:stone_pickaxe":37,"minecraft:baked_potato":7,"minecraft:wooden_pickaxe":57,"minecraft:cookie":17,"minecraft:salmon":2,"minecraft:torch":6,"minecraft:crafting_table":3,"minecraft:cod":4,"minecraft:stone_brick_slab":1,"iceandfire:ash":4,"minecraft:stone_bricks":5,"minecraft:stone_axe":9,"minecraft:chiseled_stone_bricks":7,"minecraft:wooden_sword":6,"minecraft:hay_block":2,"minecraft:furnace":1,"minecraft:andesite":4,"tombstone:gift":1},"minecraft:mined":{"farmersdelight:onions":1,"minecraft:jungle_leaves":2,"minecraft:stone_brick_slab":1,"minecraft:crafting_table":3,"minecraft:torch":2,"minecraft:jungle_log":8,"farmersdelight:cabbages":2,"farmersdelight:tomatoes":2,"minecraft:wall_torch":4,"minecraft:chiseled_stone_bricks":5,"minecraft:hay_block":14,"minecraft:furnace":1,"minecraft:andesite":4,"iceandfire:ash":2,"minecraft:infested_mossy_stone_bricks":2,"minecraft:coal_ore":33,"minecraft:vine":1,"minecraft:infested_cracked_stone_bricks":1,"farmersdelight:rice_panicles":3,"minecraft:stone_bricks":4,"minecraft:stone":38},"minecraft:broken":{"minecraft:wooden_pickaxe":1},"minecraft:picked_up":{"minecraft:crafting_table":3,"minecraft:jungle_log":8,"minecraft:andesite":4,"farmersdelight:rice_panicle":3,"minecraft:potato":3,"farmersdelight:tomato":3,"minecraft:stone_bricks":5,"iceandfire:bestiary":2,"minecraft:wheat_seeds":1,"farmersdelight:cabbage":2,"minecraft:mossy_stone_bricks":1,"minecraft:iron_sword":1,"farmersdelight:cabbage_seeds":5,"minecraft:furnace":1,"minecraft:chiseled_stone_bricks":7,"minecraft:torch":6,"minecraft:stone_brick_slab":1,"iceandfire:ash":4,"farmersdelight:tomato_seeds":2,"minecraft:arrow":2,"farmersdelight:onion":4,"minecraft:hay_block":14,"minecraft:baked_potato":12,"minecraft:coal":33,"minecraft:cobblestone":38}},"DataVersion":3465}